algorithm,pop_size,n_gen,crossover_prob,mutation_prob,seed,hv,gd,n_solutions
standard,50,100,0.8,0.5,1,118.6139166661223,0.0,40
standard,50,100,0.8,0.5,2,62.212741539232894,0.0,20
standard,50,100,0.8,0.5,3,22.62875537484731,0.0,20
standard,50,100,0.8,0.5,4,42.93729941563902,0.0,10
standard,50,100,0.8,0.5,5,188.3828353244871,0.0,50
standard,50,100,0.8,0.5,6,84.7801484930535,0.0,43
standard,50,100,0.8,0.5,7,48.46037738670124,0.0,27
standard,50,100,0.8,0.5,8,157.0939122173031,0.0,31
standard,50,100,0.8,0.5,9,114.5929358573355,0.0,44
standard,50,100,0.8,0.5,10,157.2139969039003,0.0,50
standard,50,100,0.8,0.8,1,86.21885414138029,0.0,42
standard,50,100,0.8,0.8,2,49.425104648964904,0.0,24
standard,50,100,0.8,0.8,3,29.66742888650974,0.0,19
standard,50,100,0.8,0.8,4,43.89690104582247,0.0,25
standard,50,100,0.8,0.8,5,114.59144972599618,0.0,37
standard,50,100,0.8,0.8,6,50.34607866604016,0.0,13
standard,50,100,0.8,0.8,7,258.8808180139605,0.0,50
standard,50,100,0.8,0.8,8,84.57027562963859,0.0,21
standard,50,100,0.8,0.8,9,131.0088337546894,0.0,39
standard,50,100,0.8,0.8,10,224.0855438464185,0.0,50
standard,50,100,0.9,0.5,1,161.83374408969823,0.0,29
standard,50,100,0.9,0.5,2,33.71801626030606,0.0,25
standard,50,100,0.9,0.5,3,84.75155730005794,0.0,32
standard,50,100,0.9,0.5,4,86.34352705022592,0.0,24
standard,50,100,0.9,0.5,5,175.53269061903325,0.0,39
standard,50,100,0.9,0.5,6,143.30177870526109,0.0,26
standard,50,100,0.9,0.5,7,149.66534812344395,0.0,50
standard,50,100,0.9,0.5,8,35.29907862806779,0.0,16
standard,50,100,0.9,0.5,9,125.39426592124165,0.0,48
standard,50,100,0.9,0.5,10,126.08270379364426,0.0,38
standard,50,100,0.9,0.8,1,75.42476443316131,0.0,23
standard,50,100,0.9,0.8,2,72.77476346537286,0.0,28
standard,50,100,0.9,0.8,3,91.34529895250986,0.0,38
standard,50,100,0.9,0.8,4,45.33914809053871,0.0,18
standard,50,100,0.9,0.8,5,142.06959284713713,0.0,50
standard,50,100,0.9,0.8,6,94.2546149942258,0.0,22
standard,50,100,0.9,0.8,7,60.83356937547754,0.0,21
standard,50,100,0.9,0.8,8,65.71616096272868,0.0,19
standard,50,100,0.9,0.8,9,42.518907834835986,0.0,26
standard,50,100,0.9,0.8,10,99.33689774349044,0.0,36
standard,50,200,0.8,0.5,1,173.48608000651495,0.0,39
standard,50,200,0.8,0.5,2,45.09639500169603,0.0,47
standard,50,200,0.8,0.5,3,62.903518827658054,0.0,50
standard,50,200,0.8,0.5,4,47.27000889932193,0.0,15
standard,50,200,0.8,0.5,5,314.83477442091964,0.0,50
standard,50,200,0.8,0.5,6,126.62071704774942,0.0,50
standard,50,200,0.8,0.5,7,99.04979627831062,0.0,44
standard,50,200,0.8,0.5,8,168.21670650625288,0.0,50
standard,50,200,0.8,0.5,9,197.4869649801745,0.0,50
standard,50,200,0.8,0.5,10,135.3421281569341,0.0,49
standard,50,200,0.8,0.8,1,94.6927104984004,0.0,47
standard,50,200,0.8,0.8,2,70.50237453362553,0.0,32
standard,50,200,0.8,0.8,3,60.57475062487364,0.0,46
standard,50,200,0.8,0.8,4,78.44352755847603,0.0,39
standard,50,200,0.8,0.8,5,219.56229179422297,0.0,50
standard,50,200,0.8,0.8,6,62.7070470831376,0.0,50
standard,50,200,0.8,0.8,7,214.0224276408032,0.0,50
standard,50,200,0.8,0.8,8,154.46288641109135,0.0,50
standard,50,200,0.8,0.8,9,158.7816402026828,0.0,50
standard,50,200,0.8,0.8,10,432.6080297278505,0.0,47
standard,50,200,0.9,0.5,1,197.1789830069418,0.0,50
standard,50,200,0.9,0.5,2,74.05592149797214,0.0,48
standard,50,200,0.9,0.5,3,213.45182030033533,0.0,44
standard,50,200,0.9,0.5,4,132.4959338495633,0.0,45
standard,50,200,0.9,0.5,5,179.15704958365438,0.0,50
standard,50,200,0.9,0.5,6,148.42381234837433,0.0,50
standard,50,200,0.9,0.5,7,209.10463275363594,0.0,35
standard,50,200,0.9,0.5,8,57.33989025089885,0.0,50
standard,50,200,0.9,0.5,9,175.9386460201917,0.0,50
standard,50,200,0.9,0.5,10,108.38967612213594,0.0,49
standard,50,200,0.9,0.8,1,93.34567374484382,0.0,37
standard,50,200,0.9,0.8,2,108.1604756018675,0.0,45
standard,50,200,0.9,0.8,3,124.8006416737972,0.0,46
standard,50,200,0.9,0.8,4,76.74322900327542,0.0,41
standard,50,200,0.9,0.8,5,136.8227151208613,0.0,48
standard,50,200,0.9,0.8,6,155.77567479175963,0.0,42
standard,50,200,0.9,0.8,7,96.83510836817982,0.0,43
standard,50,200,0.9,0.8,8,90.29583897330959,0.0,39
standard,50,200,0.9,0.8,9,93.37516160892694,0.0,47
standard,50,200,0.9,0.8,10,167.98012347788332,0.0,46
standard,70,100,0.8,0.5,1,159.74443612164578,0.0,62
standard,70,100,0.8,0.5,2,188.7797337740688,0.0,48
standard,70,100,0.8,0.5,3,165.47551692143907,0.0,39
standard,70,100,0.8,0.5,4,65.54491713996944,0.0,49
standard,70,100,0.8,0.5,5,192.66216386046156,0.0,36
standard,70,100,0.8,0.5,6,188.21860930669357,0.0,44
standard,70,100,0.8,0.5,7,187.44494254577722,0.0,52
standard,70,100,0.8,0.5,8,127.11894357535984,0.0,45
standard,70,100,0.8,0.5,9,75.95923579825121,0.0,21
standard,70,100,0.8,0.5,10,66.82339413814474,0.0,34
standard,70,100,0.8,0.8,1,72.41910506113004,0.0,35
standard,70,100,0.8,0.8,2,267.1924523743485,0.0,31
standard,70,100,0.8,0.8,3,139.61506815226826,0.0,32
standard,70,100,0.8,0.8,4,102.69540022081776,0.0,33
standard,70,100,0.8,0.8,5,118.46979063836196,0.0,50
standard,70,100,0.8,0.8,6,129.21999875634674,0.0,37
standard,70,100,0.8,0.8,7,109.15090022289365,0.0,23
standard,70,100,0.8,0.8,8,111.82756949294526,0.0,40
standard,70,100,0.8,0.8,9,175.66032188181163,0.0,37
standard,70,100,0.8,0.8,10,304.7127602080757,0.0,62
standard,70,100,0.9,0.5,1,266.62554816857886,0.0,50
standard,70,100,0.9,0.5,2,149.86879718887462,0.0,54
standard,70,100,0.9,0.5,3,190.77600192109458,0.0,49
standard,70,100,0.9,0.5,4,174.15597329522672,0.0,45
standard,70,100,0.9,0.5,5,163.28210733977505,0.0,42
standard,70,100,0.9,0.5,6,148.6762538973297,0.0,38
standard,70,100,0.9,0.5,7,127.78079655521816,0.0,37
standard,70,100,0.9,0.5,8,140.55024196685594,0.0,30
standard,70,100,0.9,0.5,9,143.24111368081034,0.0,40
standard,70,100,0.9,0.5,10,187.47068259877256,0.0,44
standard,70,100,0.9,0.8,1,367.6047272153344,0.0,62
standard,70,100,0.9,0.8,2,223.31232234001024,0.0,65
standard,70,100,0.9,0.8,3,236.1103172860628,0.0,48
standard,70,100,0.9,0.8,4,114.05226410883594,0.0,47
standard,70,100,0.9,0.8,5,95.70166237982204,0.0,28
standard,70,100,0.9,0.8,6,165.4366740331747,0.0,35
standard,70,100,0.9,0.8,7,181.2126337767179,0.0,33
standard,70,100,0.9,0.8,8,264.5912823033475,0.0,49
standard,70,100,0.9,0.8,9,242.37514719802522,0.0,48
standard,70,100,0.9,0.8,10,123.48670081247654,0.0,40
standard,70,200,0.8,0.5,1,209.6694753257609,0.0,70
standard,70,200,0.8,0.5,2,183.61916560845245,0.0,70
standard,70,200,0.8,0.5,3,215.05176861453154,0.0,64
standard,70,200,0.8,0.5,4,70.17117548532286,0.0,63
standard,70,200,0.8,0.5,5,207.77432329278048,0.0,29
standard,70,200,0.8,0.5,6,313.51657043818483,0.0,70
standard,70,200,0.8,0.5,7,198.14305424229292,0.0,70
standard,70,200,0.8,0.5,8,116.91005891670846,0.0,68
standard,70,200,0.8,0.5,9,170.74978062843186,0.0,57
standard,70,200,0.8,0.5,10,102.00306929250048,0.0,38
standard,70,200,0.8,0.8,1,104.64927388969119,0.0,67
standard,70,200,0.8,0.8,2,178.5274123697103,0.0,70
standard,70,200,0.8,0.8,3,107.69036167466913,0.0,68
standard,70,200,0.8,0.8,4,196.3619398738087,0.0,63
standard,70,200,0.8,0.8,5,228.65926467111674,0.0,63
standard,70,200,0.8,0.8,6,130.12436026027626,0.0,53
standard,70,200,0.8,0.8,7,168.30898501323762,0.0,50
standard,70,200,0.8,0.8,8,258.412082688546,0.0,70
standard,70,200,0.8,0.8,9,204.9041253924982,0.0,59
standard,70,200,0.8,0.8,10,375.90926359910526,0.0,70
standard,70,200,0.9,0.5,1,326.9132880789532,0.0,70
standard,70,200,0.9,0.5,2,141.13693704110227,0.0,70
standard,70,200,0.9,0.5,3,212.16502047484562,0.0,70
standard,70,200,0.9,0.5,4,271.6806572331316,0.0,52
standard,70,200,0.9,0.5,5,229.48540158287878,0.0,69
standard,70,200,0.9,0.5,6,194.40852885350532,0.0,67
standard,70,200,0.9,0.5,7,321.69457963983155,0.0,70
standard,70,200,0.9,0.5,8,199.83116857970367,0.0,70
standard,70,200,0.9,0.5,9,284.73866611314253,0.0,57
standard,70,200,0.9,0.5,10,198.65358744031437,0.0,55
standard,70,200,0.9,0.8,1,374.4637181882018,0.0,70
standard,70,200,0.9,0.8,2,341.5507093303006,0.0,70
standard,70,200,0.9,0.8,3,322.76275777905516,0.0,70
standard,70,200,0.9,0.8,4,123.92222248876669,0.0,68
standard,70,200,0.9,0.8,5,150.97169541323416,0.0,46
standard,70,200,0.9,0.8,6,306.83133614702876,0.0,70
standard,70,200,0.9,0.8,7,208.89977486719,0.0,70
standard,70,200,0.9,0.8,8,374.79010243277526,0.0,70
standard,70,200,0.9,0.8,9,234.69852739268774,0.0,70
standard,70,200,0.9,0.8,10,220.75255814912035,0.0,62
standard,100,100,0.8,0.5,1,199.08095436110287,0.0,43
standard,100,100,0.8,0.5,2,90.95580343469751,0.0,31
standard,100,100,0.8,0.5,3,170.22403254717386,0.0,65
standard,100,100,0.8,0.5,4,202.65817356393765,0.0,73
standard,100,100,0.8,0.5,5,380.9523288821446,0.0,62
standard,100,100,0.8,0.5,6,191.8402470817336,0.0,35
standard,100,100,0.8,0.5,7,74.10151266729096,0.0,49
standard,100,100,0.8,0.5,8,176.16950121465217,0.0,26
standard,100,100,0.8,0.5,9,218.4970314191076,0.0,45
standard,100,100,0.8,0.5,10,440.0796576828074,0.0,66
standard,100,100,0.8,0.8,1,471.9197090865961,0.0,95
standard,100,100,0.8,0.8,2,152.7924105190099,0.0,32
standard,100,100,0.8,0.8,3,246.02108033443685,0.0,51
standard,100,100,0.8,0.8,4,141.89655627995245,0.0,35
standard,100,100,0.8,0.8,5,280.74672511056315,0.0,52
standard,100,100,0.8,0.8,6,229.30945605236647,0.0,44
standard,100,100,0.8,0.8,7,165.47668233831894,0.0,61
standard,100,100,0.8,0.8,8,246.57873331347037,0.0,62
standard,100,100,0.8,0.8,9,202.79969721486248,0.0,66
standard,100,100,0.8,0.8,10,228.8636711934411,0.0,59
standard,100,100,0.9,0.5,1,235.5975876424125,0.0,59
standard,100,100,0.9,0.5,2,207.94697182921973,0.0,46
standard,100,100,0.9,0.5,3,198.7577921466618,0.0,57
standard,100,100,0.9,0.5,4,215.28232961439588,0.0,67
standard,100,100,0.9,0.5,5,209.48339323316,0.0,65
standard,100,100,0.9,0.5,6,455.4607925702682,0.0,69
standard,100,100,0.9,0.5,7,243.76312836260422,0.0,33
standard,100,100,0.9,0.5,8,129.44644574303732,0.0,42
standard,100,100,0.9,0.5,9,284.95351199958515,0.0,64
standard,100,100,0.9,0.5,10,182.19981978714264,0.0,49
standard,100,100,0.9,0.8,1,246.62954708974075,0.0,58
standard,100,100,0.9,0.8,2,166.43067583118875,0.0,28
standard,100,100,0.9,0.8,3,272.03643166709776,0.0,44
standard,100,100,0.9,0.8,4,757.6527076599086,0.0,78
standard,100,100,0.9,0.8,5,312.84672174232827,0.0,73
standard,100,100,0.9,0.8,6,238.04281148210453,0.0,66
standard,100,100,0.9,0.8,7,226.16156282898092,0.0,53
standard,100,100,0.9,0.8,8,294.92798767105415,0.0,49
standard,100,100,0.9,0.8,9,296.4824226204485,0.0,67
standard,100,100,0.9,0.8,10,174.60446788372406,0.0,59
standard,100,200,0.8,0.5,1,237.5202145410348,0.0,100
standard,100,200,0.8,0.5,2,101.98710439954382,0.0,52
standard,100,200,0.8,0.5,3,176.85857291804317,0.0,98
standard,100,200,0.8,0.5,4,272.4722460054272,0.0,100
standard,100,200,0.8,0.5,5,341.9078450708545,0.0,100
standard,100,200,0.8,0.5,6,312.4624863951525,0.0,80
standard,100,200,0.8,0.5,7,176.13775869804343,0.0,84
standard,100,200,0.8,0.5,8,368.5319611258209,0.0,100
standard,100,200,0.8,0.5,9,247.6342517200611,0.0,95
standard,100,200,0.8,0.5,10,508.1653878391102,0.0,91
standard,100,200,0.8,0.8,1,494.2364593455847,0.0,100
standard,100,200,0.8,0.8,2,378.17480345099887,0.0,66
standard,100,200,0.8,0.8,3,398.367965392179,0.0,100
standard,100,200,0.8,0.8,4,205.4896129708893,0.0,78
standard,100,200,0.8,0.8,5,307.2899514655745,0.0,93
standard,100,200,0.8,0.8,6,403.36916673951,0.0,94
standard,100,200,0.8,0.8,7,218.91689690946026,0.0,96
standard,100,200,0.8,0.8,8,339.3040593329663,0.0,100
standard,100,200,0.8,0.8,9,276.83462618834653,0.0,83
standard,100,200,0.8,0.8,10,327.14213350466525,0.0,100
standard,100,200,0.9,0.5,1,316.6145387492669,0.0,96
standard,100,200,0.9,0.5,2,290.3960125437836,0.0,81
standard,100,200,0.9,0.5,3,306.35046593718437,0.0,90
standard,100,200,0.9,0.5,4,257.09926726192396,0.0,100
standard,100,200,0.9,0.5,5,256.8211864111531,0.0,87
standard,100,200,0.9,0.5,6,533.0070514773804,0.0,100
standard,100,200,0.9,0.5,7,297.0890441516257,0.0,93
standard,100,200,0.9,0.5,8,194.36202245184774,0.0,78
standard,100,200,0.9,0.5,9,287.7245902603262,0.0,92
standard,100,200,0.9,0.5,10,186.54131435569792,0.0,76
standard,100,200,0.9,0.8,1,240.15808343478022,0.0,73
standard,100,200,0.9,0.8,2,259.7771325963804,0.0,75
standard,100,200,0.9,0.8,3,339.5273309905002,0.0,93
standard,100,200,0.9,0.8,4,665.0547940385535,0.0,100
standard,100,200,0.9,0.8,5,544.5975305677326,0.0,100
standard,100,200,0.9,0.8,6,210.79602533876388,0.0,100
standard,100,200,0.9,0.8,7,289.91203937251055,0.0,90
standard,100,200,0.9,0.8,8,320.80698251054514,0.0,100
standard,100,200,0.9,0.8,9,399.2828010240658,0.0,100
standard,100,200,0.9,0.8,10,117.19799389807777,0.0,92
hybrid_no_repair,50,100,0.8,0.5,1,28.58473933588544,0.0,14
hybrid_no_repair,50,100,0.8,0.5,2,24.629404209092908,0.0,13
hybrid_no_repair,50,100,0.8,0.5,3,105.20683293672434,0.0,32
hybrid_no_repair,50,100,0.8,0.5,4,34.972498723596786,0.0,24
hybrid_no_repair,50,100,0.8,0.5,5,16.545473233944676,0.0,5
hybrid_no_repair,50,100,0.8,0.5,6,64.15441234534092,0.0,24
hybrid_no_repair,50,100,0.8,0.5,7,43.2479932039158,0.0,24
hybrid_no_repair,50,100,0.8,0.5,8,19.39475086527911,0.0,14
hybrid_no_repair,50,100,0.8,0.5,9,14.419167077555503,0.0,14
hybrid_no_repair,50,100,0.8,0.5,10,57.18195908755795,0.0,42
hybrid_no_repair,50,100,0.8,0.8,1,53.811150362350546,0.0,19
hybrid_no_repair,50,100,0.8,0.8,2,13.34207672830685,0.0,12
hybrid_no_repair,50,100,0.8,0.8,3,87.79399410643013,0.0,43
hybrid_no_repair,50,100,0.8,0.8,4,62.99764222418916,0.0,16
hybrid_no_repair,50,100,0.8,0.8,5,75.91778011415911,0.0,43
hybrid_no_repair,50,100,0.8,0.8,6,70.57249777912124,0.0,25
hybrid_no_repair,50,100,0.8,0.8,7,38.03272653332613,0.0,27
hybrid_no_repair,50,100,0.8,0.8,8,39.903464767232734,0.0,12
hybrid_no_repair,50,100,0.8,0.8,9,22.028546381948686,0.0,18
hybrid_no_repair,50,100,0.8,0.8,10,279.09318285596964,0.0,49
hybrid_no_repair,50,100,0.9,0.5,1,42.279961392369934,0.0,18
hybrid_no_repair,50,100,0.9,0.5,2,18.781049919544134,0.0,17
hybrid_no_repair,50,100,0.9,0.5,3,48.882167549308406,0.0,40
hybrid_no_repair,50,100,0.9,0.5,4,14.87933305879998,0.0,9
hybrid_no_repair,50,100,0.9,0.5,5,77.34572840709473,0.0,23
hybrid_no_repair,50,100,0.9,0.5,6,52.00069099829508,0.0,26
hybrid_no_repair,50,100,0.9,0.5,7,66.38493475280143,0.0,20
hybrid_no_repair,50,100,0.9,0.5,8,27.5204473529531,0.0,14
hybrid_no_repair,50,100,0.9,0.5,9,36.27516693975525,0.0,20
hybrid_no_repair,50,100,0.9,0.5,10,98.99975975035399,0.0,49
hybrid_no_repair,50,100,0.9,0.8,1,38.95044351453521,0.0,14
hybrid_no_repair,50,100,0.9,0.8,2,25.48839662296501,0.0,13
hybrid_no_repair,50,100,0.9,0.8,3,88.4236277935468,0.0,20
hybrid_no_repair,50,100,0.9,0.8,4,31.255378693616255,0.0,14
hybrid_no_repair,50,100,0.9,0.8,5,78.07959096088808,0.0,14
hybrid_no_repair,50,100,0.9,0.8,6,55.936360453453155,0.0,37
hybrid_no_repair,50,100,0.9,0.8,7,54.05380133401674,0.0,28
hybrid_no_repair,50,100,0.9,0.8,8,21.329600066233915,0.0,13
hybrid_no_repair,50,100,0.9,0.8,9,27.445387352957823,0.0,14
hybrid_no_repair,50,100,0.9,0.8,10,93.57496280238442,0.0,38
hybrid_no_repair,50,200,0.8,0.5,1,78.56338743812915,0.0,37
hybrid_no_repair,50,200,0.8,0.5,2,50.79982428803692,0.0,43
hybrid_no_repair,50,200,0.8,0.5,3,119.84472779498498,0.0,50
hybrid_no_repair,50,200,0.8,0.5,4,44.86295202393033,0.0,22
hybrid_no_repair,50,200,0.8,0.5,5,56.58124610206937,0.0,40
hybrid_no_repair,50,200,0.8,0.5,6,89.25183726812813,0.0,41
hybrid_no_repair,50,200,0.8,0.5,7,80.29228220580981,0.0,34
hybrid_no_repair,50,200,0.8,0.5,8,52.31186886084306,0.0,46
hybrid_no_repair,50,200,0.8,0.5,9,65.41222223533916,0.0,30
hybrid_no_repair,50,200,0.8,0.5,10,89.18374864305972,0.0,50
hybrid_no_repair,50,200,0.8,0.8,1,109.30252092573134,0.0,44
hybrid_no_repair,50,200,0.8,0.8,2,63.95490465283416,0.0,27
hybrid_no_repair,50,200,0.8,0.8,3,212.1196395671521,0.0,50
hybrid_no_repair,50,200,0.8,0.8,4,152.64202351893618,0.0,50
hybrid_no_repair,50,200,0.8,0.8,5,162.66416977144343,0.0,49
hybrid_no_repair,50,200,0.8,0.8,6,110.27138446216918,0.0,50
hybrid_no_repair,50,200,0.8,0.8,7,117.93579702732097,0.0,50
hybrid_no_repair,50,200,0.8,0.8,8,52.42552784387442,0.0,30
hybrid_no_repair,50,200,0.8,0.8,9,78.7096001659437,0.0,50
hybrid_no_repair,50,200,0.8,0.8,10,266.30711678803186,0.0,50
hybrid_no_repair,50,200,0.9,0.5,1,63.45040976793905,0.0,26
hybrid_no_repair,50,200,0.9,0.5,2,38.481412738169354,0.0,34
hybrid_no_repair,50,200,0.9,0.5,3,102.00410486179965,0.0,50
hybrid_no_repair,50,200,0.9,0.5,4,65.69486954092751,0.0,43
hybrid_no_repair,50,200,0.9,0.5,5,105.04260207383136,0.0,50
hybrid_no_repair,50,200,0.9,0.5,6,71.54061878915842,0.0,28
hybrid_no_repair,50,200,0.9,0.5,7,73.94474973788328,0.0,46
hybrid_no_repair,50,200,0.9,0.5,8,43.59610178918827,0.0,42
hybrid_no_repair,50,200,0.9,0.5,9,81.63146264034259,0.0,50
hybrid_no_repair,50,200,0.9,0.5,10,138.60032203061985,0.0,50
hybrid_no_repair,50,200,0.9,0.8,1,128.61996369483234,0.0,31
hybrid_no_repair,50,200,0.9,0.8,2,76.09790462704837,0.0,38
hybrid_no_repair,50,200,0.9,0.8,3,113.85925823049055,0.0,49
hybrid_no_repair,50,200,0.9,0.8,4,76.68559989352644,0.0,50
hybrid_no_repair,50,200,0.9,0.8,5,112.85772570485607,0.0,43
hybrid_no_repair,50,200,0.9,0.8,6,212.358875313631,0.0,50
hybrid_no_repair,50,200,0.9,0.8,7,54.254269726315464,0.0,40
hybrid_no_repair,50,200,0.9,0.8,8,59.43735642518496,0.0,37
hybrid_no_repair,50,200,0.9,0.8,9,75.63614597126016,0.0,31
hybrid_no_repair,50,200,0.9,0.8,10,154.61374928122748,0.0,50
hybrid_no_repair,70,100,0.8,0.5,1,49.47293141649277,0.0,30
hybrid_no_repair,70,100,0.8,0.5,2,54.41925204351908,0.0,22
hybrid_no_repair,70,100,0.8,0.5,3,43.37817733154246,0.0,22
hybrid_no_repair,70,100,0.8,0.5,4,123.79362689723081,0.0,37
hybrid_no_repair,70,100,0.8,0.5,5,50.877060510910766,0.0,15
hybrid_no_repair,70,100,0.8,0.5,6,67.06930582513003,0.0,13
hybrid_no_repair,70,100,0.8,0.5,7,70.95455358091249,0.0,24
hybrid_no_repair,70,100,0.8,0.5,8,96.49618701556214,0.0,24
hybrid_no_repair,70,100,0.8,0.5,9,25.02094842530631,0.0,15
hybrid_no_repair,70,100,0.8,0.5,10,38.07245091876892,0.0,35
hybrid_no_repair,70,100,0.8,0.8,1,21.362983649181505,0.0,13
hybrid_no_repair,70,100,0.8,0.8,2,79.36188349599378,0.0,37
hybrid_no_repair,70,100,0.8,0.8,3,53.745947085298916,0.0,17
hybrid_no_repair,70,100,0.8,0.8,4,57.607559251900724,0.0,28
hybrid_no_repair,70,100,0.8,0.8,5,171.60713207811767,0.0,38
hybrid_no_repair,70,100,0.8,0.8,6,180.4753714329177,0.0,39
hybrid_no_repair,70,100,0.8,0.8,7,147.0892921705272,0.0,38
hybrid_no_repair,70,100,0.8,0.8,8,22.102334157561963,0.0,17
hybrid_no_repair,70,100,0.8,0.8,9,158.10019433043414,0.0,26
hybrid_no_repair,70,100,0.8,0.8,10,19.744533547761108,0.0,11
hybrid_no_repair,70,100,0.9,0.5,1,34.71629004588131,0.0,24
hybrid_no_repair,70,100,0.9,0.5,2,29.972204574482802,0.0,20
hybrid_no_repair,70,100,0.9,0.5,3,92.06040569869839,0.0,39
hybrid_no_repair,70,100,0.9,0.5,4,46.57926528577555,0.0,22
hybrid_no_repair,70,100,0.9,0.5,5,50.758617800292214,0.0,26
hybrid_no_repair,70,100,0.9,0.5,6,123.70412877026776,0.0,39
hybrid_no_repair,70,100,0.9,0.5,7,26.520498475382198,0.0,17
hybrid_no_repair,70,100,0.9,0.5,8,61.91124995746941,0.0,18
hybrid_no_repair,70,100,0.9,0.5,9,113.91628426285467,0.0,19
hybrid_no_repair,70,100,0.9,0.5,10,158.35063085072352,0.0,28
hybrid_no_repair,70,100,0.9,0.8,1,28.475175332283968,0.0,13
hybrid_no_repair,70,100,0.9,0.8,2,28.584145728813475,0.0,15
hybrid_no_repair,70,100,0.9,0.8,3,88.26386835525341,0.0,22
hybrid_no_repair,70,100,0.9,0.8,4,132.74988275238195,0.0,26
hybrid_no_repair,70,100,0.9,0.8,5,154.14293817416083,0.0,28
hybrid_no_repair,70,100,0.9,0.8,6,45.15983228953688,0.0,18
hybrid_no_repair,70,100,0.9,0.8,7,33.211491364478334,0.0,23
hybrid_no_repair,70,100,0.9,0.8,8,74.84254330948053,0.0,17
hybrid_no_repair,70,100,0.9,0.8,9,55.14854935891597,0.0,29
hybrid_no_repair,70,100,0.9,0.8,10,27.72818257007132,0.0,11
hybrid_no_repair,70,200,0.8,0.5,1,41.68050198393996,0.0,39
hybrid_no_repair,70,200,0.8,0.5,2,50.762787506390204,0.0,26
hybrid_no_repair,70,200,0.8,0.5,3,52.653378726937774,0.0,45
hybrid_no_repair,70,200,0.8,0.5,4,135.97102301449266,0.0,45
hybrid_no_repair,70,200,0.8,0.5,5,62.47335436195567,0.0,67
hybrid_no_repair,70,200,0.8,0.5,6,92.59330206260802,0.0,54
hybrid_no_repair,70,200,0.8,0.5,7,100.27304595167834,0.0,36
hybrid_no_repair,70,200,0.8,0.5,8,116.13441667529493,0.0,63
hybrid_no_repair,70,200,0.8,0.5,9,103.66688834239838,0.0,38
hybrid_no_repair,70,200,0.8,0.5,10,117.09014862814787,0.0,31
hybrid_no_repair,70,200,0.8,0.8,1,37.55368948522009,0.0,31
hybrid_no_repair,70,200,0.8,0.8,2,115.02497441659929,0.0,61
hybrid_no_repair,70,200,0.8,0.8,3,78.55173663233077,0.0,61
hybrid_no_repair,70,200,0.8,0.8,4,106.55280813048492,0.0,29
hybrid_no_repair,70,200,0.8,0.8,5,192.21912195845573,0.0,54
hybrid_no_repair,70,200,0.8,0.8,6,195.90780207634842,0.0,46
hybrid_no_repair,70,200,0.8,0.8,7,233.95677413707907,0.0,66
hybrid_no_repair,70,200,0.8,0.8,8,80.15924193605721,0.0,46
hybrid_no_repair,70,200,0.8,0.8,9,294.1098502875054,0.0,59
hybrid_no_repair,70,200,0.8,0.8,10,31.90210339117677,0.0,33
hybrid_no_repair,70,200,0.9,0.5,1,71.17827330305673,0.0,46
hybrid_no_repair,70,200,0.9,0.5,2,68.0157149715903,0.0,32
hybrid_no_repair,70,200,0.9,0.5,3,94.34098930463873,0.0,43
hybrid_no_repair,70,200,0.9,0.5,4,94.57107035464006,0.0,46
hybrid_no_repair,70,200,0.9,0.5,5,82.16798826681848,0.0,27
hybrid_no_repair,70,200,0.9,0.5,6,97.39797731356407,0.0,52
hybrid_no_repair,70,200,0.9,0.5,7,64.81482823664602,0.0,49
hybrid_no_repair,70,200,0.9,0.5,8,124.79165764763408,0.0,35
hybrid_no_repair,70,200,0.9,0.5,9,203.06607022585092,0.0,67
hybrid_no_repair,70,200,0.9,0.5,10,114.97300285558583,0.0,50
hybrid_no_repair,70,200,0.9,0.8,1,42.10891383189729,0.0,29
hybrid_no_repair,70,200,0.9,0.8,2,60.554628922936175,0.0,36
hybrid_no_repair,70,200,0.9,0.8,3,161.45747386142648,0.0,46
hybrid_no_repair,70,200,0.9,0.8,4,189.70174173918957,0.0,34
hybrid_no_repair,70,200,0.9,0.8,5,125.82764795954445,0.0,70
hybrid_no_repair,70,200,0.9,0.8,6,100.22846580606057,0.0,32
hybrid_no_repair,70,200,0.9,0.8,7,70.04957174529781,0.0,44
hybrid_no_repair,70,200,0.9,0.8,8,113.0062063592969,0.0,34
hybrid_no_repair,70,200,0.9,0.8,9,89.68298494008803,0.0,58
hybrid_no_repair,70,200,0.9,0.8,10,50.95843199933654,0.0,36
hybrid_no_repair,100,100,0.8,0.5,1,183.50953839294576,0.0,31
hybrid_no_repair,100,100,0.8,0.5,2,108.0635448624089,0.0,20
hybrid_no_repair,100,100,0.8,0.5,3,60.11548944842096,0.0,23
hybrid_no_repair,100,100,0.8,0.5,4,43.133969256853774,0.0,19
hybrid_no_repair,100,100,0.8,0.5,5,138.14946783272453,0.0,39
hybrid_no_repair,100,100,0.8,0.5,6,144.13513451101306,0.0,31
hybrid_no_repair,100,100,0.8,0.5,7,47.98560455375094,0.0,16
hybrid_no_repair,100,100,0.8,0.5,8,155.99794536633092,0.0,29
hybrid_no_repair,100,100,0.8,0.5,9,23.4703966035014,0.0,24
hybrid_no_repair,100,100,0.8,0.5,10,65.40138439613702,0.0,33
hybrid_no_repair,100,100,0.8,0.8,1,138.389571740777,0.0,24
hybrid_no_repair,100,100,0.8,0.8,2,66.86838660601573,0.0,26
hybrid_no_repair,100,100,0.8,0.8,3,94.61654719378461,0.0,29
hybrid_no_repair,100,100,0.8,0.8,4,137.31786510400653,0.0,33
hybrid_no_repair,100,100,0.8,0.8,5,64.54425231711939,0.0,19
hybrid_no_repair,100,100,0.8,0.8,6,164.02206339841476,0.0,34
hybrid_no_repair,100,100,0.8,0.8,7,76.6786261239514,0.0,21
hybrid_no_repair,100,100,0.8,0.8,8,45.64846907595901,0.0,22
hybrid_no_repair,100,100,0.8,0.8,9,221.1731661720489,0.0,53
hybrid_no_repair,100,100,0.8,0.8,10,62.99063828681475,0.0,24
hybrid_no_repair,100,100,0.9,0.5,1,214.9437202062665,0.0,45
hybrid_no_repair,100,100,0.9,0.5,2,123.59869330959708,0.0,20
hybrid_no_repair,100,100,0.9,0.5,3,44.19753318502496,0.0,19
hybrid_no_repair,100,100,0.9,0.5,4,83.21124447296987,0.0,28
hybrid_no_repair,100,100,0.9,0.5,5,185.47403434521632,0.0,36
hybrid_no_repair,100,100,0.9,0.5,6,75.9928217563594,0.0,25
hybrid_no_repair,100,100,0.9,0.5,7,66.94189100158081,0.0,25
hybrid_no_repair,100,100,0.9,0.5,8,102.95957396244015,0.0,24
hybrid_no_repair,100,100,0.9,0.5,9,124.13924966924264,0.0,49
hybrid_no_repair,100,100,0.9,0.5,10,172.13500914595426,0.0,30
hybrid_no_repair,100,100,0.9,0.8,1,55.857688797817815,0.0,14
hybrid_no_repair,100,100,0.9,0.8,2,43.77638592153309,0.0,14
hybrid_no_repair,100,100,0.9,0.8,3,42.100733437975094,0.0,13
hybrid_no_repair,100,100,0.9,0.8,4,81.65782722138832,0.0,20
hybrid_no_repair,100,100,0.9,0.8,5,65.13488689254504,0.0,30
hybrid_no_repair,100,100,0.9,0.8,6,78.26478830164706,0.0,24
hybrid_no_repair,100,100,0.9,0.8,7,133.15266481827757,0.0,20
hybrid_no_repair,100,100,0.9,0.8,8,98.85663622723067,0.0,18
hybrid_no_repair,100,100,0.9,0.8,9,145.4029903457168,0.0,27
hybrid_no_repair,100,100,0.9,0.8,10,145.23166418941548,0.0,27
hybrid_no_repair,100,200,0.8,0.5,1,233.6727888355739,0.0,34
hybrid_no_repair,100,200,0.8,0.5,2,146.16630456490748,0.0,55
hybrid_no_repair,100,200,0.8,0.5,3,135.810079016966,0.0,45
hybrid_no_repair,100,200,0.8,0.5,4,62.16303652855429,0.0,25
hybrid_no_repair,100,200,0.8,0.5,5,129.80173401700733,0.0,70
hybrid_no_repair,100,200,0.8,0.5,6,126.59491058287983,0.0,71
hybrid_no_repair,100,200,0.8,0.5,7,92.07280825527934,0.0,28
hybrid_no_repair,100,200,0.8,0.5,8,138.61873186536832,0.0,58
hybrid_no_repair,100,200,0.8,0.5,9,51.977135739395194,0.0,56
hybrid_no_repair,100,200,0.8,0.5,10,114.2658245433838,0.0,42
hybrid_no_repair,100,200,0.8,0.8,1,166.5525807853175,0.0,45
hybrid_no_repair,100,200,0.8,0.8,2,165.53548263652743,0.0,59
hybrid_no_repair,100,200,0.8,0.8,3,181.04890163563687,0.0,55
hybrid_no_repair,100,200,0.8,0.8,4,211.63839691736547,0.0,63
hybrid_no_repair,100,200,0.8,0.8,5,122.61401321090592,0.0,33
hybrid_no_repair,100,200,0.8,0.8,6,241.084859845987,0.0,64
hybrid_no_repair,100,200,0.8,0.8,7,99.26144901306607,0.0,45
hybrid_no_repair,100,200,0.8,0.8,8,119.62030450295026,0.0,38
hybrid_no_repair,100,200,0.8,0.8,9,225.94228202622278,0.0,60
hybrid_no_repair,100,200,0.8,0.8,10,152.5405499080356,0.0,56
hybrid_no_repair,100,200,0.9,0.5,1,286.34746431420433,0.0,54
hybrid_no_repair,100,200,0.9,0.5,2,190.741666347113,0.0,44
hybrid_no_repair,100,200,0.9,0.5,3,108.99360398285125,0.0,47
hybrid_no_repair,100,200,0.9,0.5,4,78.46990724369348,0.0,43
hybrid_no_repair,100,200,0.9,0.5,5,204.61369074631364,0.0,81
hybrid_no_repair,100,200,0.9,0.5,6,173.34536530395795,0.0,57
hybrid_no_repair,100,200,0.9,0.5,7,83.95575401530328,0.0,45
hybrid_no_repair,100,200,0.9,0.5,8,63.93999050235081,0.0,33
hybrid_no_repair,100,200,0.9,0.5,9,170.84088255488334,0.0,67
hybrid_no_repair,100,200,0.9,0.5,10,114.60401479983223,0.0,56
hybrid_no_repair,100,200,0.9,0.8,1,106.04794338628025,0.0,30
hybrid_no_repair,100,200,0.9,0.8,2,100.88701192716974,0.0,39
hybrid_no_repair,100,200,0.9,0.8,3,81.25056113263217,0.0,33
hybrid_no_repair,100,200,0.9,0.8,4,129.67166341493316,0.0,35
hybrid_no_repair,100,200,0.9,0.8,5,71.3279629661908,0.0,53
hybrid_no_repair,100,200,0.9,0.8,6,78.02834332608202,0.0,56
hybrid_no_repair,100,200,0.9,0.8,7,226.89959434834188,0.0,48
hybrid_no_repair,100,200,0.9,0.8,8,190.97148411209903,0.0,35
hybrid_no_repair,100,200,0.9,0.8,9,201.85732702145407,0.0,58
hybrid_no_repair,100,200,0.9,0.8,10,350.9322049181816,0.0,67
hybrid_repair,50,100,0.8,0.5,1,498.46647947255235,0.0,50
hybrid_repair,50,100,0.8,0.5,2,504.4336945811109,0.0,50
hybrid_repair,50,100,0.8,0.5,3,565.6198589771259,0.0,50
hybrid_repair,50,100,0.8,0.5,4,665.6121068545862,0.0,50
hybrid_repair,50,100,0.8,0.5,5,681.9472835822478,0.0,50
hybrid_repair,50,100,0.8,0.5,6,516.2864561828773,0.0,50
hybrid_repair,50,100,0.8,0.5,7,560.6404444020603,0.0,50
hybrid_repair,50,100,0.8,0.5,8,724.6478209783561,0.0,50
hybrid_repair,50,100,0.8,0.5,9,536.0445331695778,0.0,50
hybrid_repair,50,100,0.8,0.5,10,501.65623140284276,0.0,50
hybrid_repair,50,100,0.8,0.8,1,432.45677544012676,0.0,49
hybrid_repair,50,100,0.8,0.8,2,799.4984209841186,0.0,50
hybrid_repair,50,100,0.8,0.8,3,767.2502361213263,0.0,50
hybrid_repair,50,100,0.8,0.8,4,609.444467943372,0.0,50
hybrid_repair,50,100,0.8,0.8,5,775.3428476022577,0.0,50
hybrid_repair,50,100,0.8,0.8,6,572.3602557385838,0.0,50
hybrid_repair,50,100,0.8,0.8,7,629.1688105950425,0.0,50
hybrid_repair,50,100,0.8,0.8,8,990.8567197336661,0.0,50
hybrid_repair,50,100,0.8,0.8,9,446.12503231638783,0.0,50
hybrid_repair,50,100,0.8,0.8,10,508.34595108295025,0.0,49
hybrid_repair,50,100,0.9,0.5,1,574.1544430494373,0.0,50
hybrid_repair,50,100,0.9,0.5,2,466.1856348936585,0.0,50
hybrid_repair,50,100,0.9,0.5,3,448.25318419848236,0.0,50
hybrid_repair,50,100,0.9,0.5,4,600.3912950991148,0.0,50
hybrid_repair,50,100,0.9,0.5,5,608.4557170111996,0.0,50
hybrid_repair,50,100,0.9,0.5,6,577.4729648205368,0.0,50
hybrid_repair,50,100,0.9,0.5,7,502.4465007601521,0.0,48
hybrid_repair,50,100,0.9,0.5,8,677.2965363771416,0.0,50
hybrid_repair,50,100,0.9,0.5,9,506.56970675831,0.0,50
hybrid_repair,50,100,0.9,0.5,10,535.0613225515586,0.0,50
hybrid_repair,50,100,0.9,0.8,1,535.9145256684709,0.0,50
hybrid_repair,50,100,0.9,0.8,2,568.064893067309,0.0,50
hybrid_repair,50,100,0.9,0.8,3,464.82101152949724,0.0,50
hybrid_repair,50,100,0.9,0.8,4,526.914241091052,0.0,50
hybrid_repair,50,100,0.9,0.8,5,462.0692776076945,0.0,50
hybrid_repair,50,100,0.9,0.8,6,548.2537492927366,0.0,50
hybrid_repair,50,100,0.9,0.8,7,716.2841931941593,0.0,50
hybrid_repair,50,100,0.9,0.8,8,841.8580048072936,0.0,50
hybrid_repair,50,100,0.9,0.8,9,645.2091117905921,0.0,50
hybrid_repair,50,100,0.9,0.8,10,506.9340311619703,0.0,50
hybrid_repair,50,200,0.8,0.5,1,637.4050044172425,0.0,49
hybrid_repair,50,200,0.8,0.5,2,804.7140806916185,0.0,50
hybrid_repair,50,200,0.8,0.5,3,583.5734550082033,0.0,50
hybrid_repair,50,200,0.8,0.5,4,641.0727606120969,0.0,50
hybrid_repair,50,200,0.8,0.5,5,769.9180816480355,0.0,50
hybrid_repair,50,200,0.8,0.5,6,607.138309129369,0.0,50
hybrid_repair,50,200,0.8,0.5,7,585.2915370658792,0.0,50
hybrid_repair,50,200,0.8,0.5,8,648.7722766290553,0.0,50
hybrid_repair,50,200,0.8,0.5,9,651.7082338451105,0.0,50
hybrid_repair,50,200,0.8,0.5,10,555.5636697059256,0.0,50
hybrid_repair,50,200,0.8,0.8,1,485.5695529762375,0.0,50
hybrid_repair,50,200,0.8,0.8,2,676.726360332987,0.0,50
hybrid_repair,50,200,0.8,0.8,3,659.3526258691811,0.0,50
hybrid_repair,50,200,0.8,0.8,4,541.7640407266947,0.0,50
hybrid_repair,50,200,0.8,0.8,5,962.2827258418131,0.0,50
hybrid_repair,50,200,0.8,0.8,6,830.1978071082708,0.0,50
hybrid_repair,50,200,0.8,0.8,7,595.2218530889895,0.0,50
hybrid_repair,50,200,0.8,0.8,8,1037.3635341992124,0.0,50
hybrid_repair,50,200,0.8,0.8,9,651.6318591590853,0.0,50
hybrid_repair,50,200,0.8,0.8,10,612.1111281577184,0.0,50
hybrid_repair,50,200,0.9,0.5,1,637.0079715673407,0.0,50
hybrid_repair,50,200,0.9,0.5,2,747.845130209748,0.0,50
hybrid_repair,50,200,0.9,0.5,3,550.5392447592875,0.0,50
hybrid_repair,50,200,0.9,0.5,4,762.3390537758465,0.0,50
hybrid_repair,50,200,0.9,0.5,5,661.1943382131783,0.0,50
hybrid_repair,50,200,0.9,0.5,6,635.7498568115433,0.0,50
hybrid_repair,50,200,0.9,0.5,7,776.7258403393814,0.0,50
hybrid_repair,50,200,0.9,0.5,8,1020.0007847636188,0.0,50
hybrid_repair,50,200,0.9,0.5,9,499.1771027304873,0.0,50
hybrid_repair,50,200,0.9,0.5,10,699.559320046138,0.0,50
hybrid_repair,50,200,0.9,0.8,1,631.796234487077,0.0,50
hybrid_repair,50,200,0.9,0.8,2,694.6734220112374,0.0,50
hybrid_repair,50,200,0.9,0.8,3,466.62115512038554,0.0,50
hybrid_repair,50,200,0.9,0.8,4,592.3506832414,0.0,50
hybrid_repair,50,200,0.9,0.8,5,576.0531396339106,0.0,50
hybrid_repair,50,200,0.9,0.8,6,556.8282632502367,0.0,50
hybrid_repair,50,200,0.9,0.8,7,579.6974826807611,0.0,50
hybrid_repair,50,200,0.9,0.8,8,965.1139862283501,0.0,50
hybrid_repair,50,200,0.9,0.8,9,643.6291711333727,0.0,49
hybrid_repair,50,200,0.9,0.8,10,646.4881356374722,0.0,50
hybrid_repair,70,100,0.8,0.5,1,489.75305437101696,0.0,69
hybrid_repair,70,100,0.8,0.5,2,524.2263990233711,0.0,70
hybrid_repair,70,100,0.8,0.5,3,630.2400177670625,0.0,70
hybrid_repair,70,100,0.8,0.5,4,544.1235913340354,0.0,70
hybrid_repair,70,100,0.8,0.5,5,527.5701601563892,0.0,70
hybrid_repair,70,100,0.8,0.5,6,583.0627036120195,0.0,70
hybrid_repair,70,100,0.8,0.5,7,479.449330978861,0.0,70
hybrid_repair,70,100,0.8,0.5,8,613.7710200916292,0.0,69
hybrid_repair,70,100,0.8,0.5,9,663.8500086417464,0.0,70
hybrid_repair,70,100,0.8,0.5,10,675.4467627042628,0.0,70
hybrid_repair,70,100,0.8,0.8,1,472.7937492376892,0.0,57
hybrid_repair,70,100,0.8,0.8,2,496.87172307761114,0.0,70
hybrid_repair,70,100,0.8,0.8,3,364.3659094913032,0.0,47
hybrid_repair,70,100,0.8,0.8,4,520.984513910576,0.0,70
hybrid_repair,70,100,0.8,0.8,5,594.3097523250169,0.0,70
hybrid_repair,70,100,0.8,0.8,6,798.7960119064763,0.0,70
hybrid_repair,70,100,0.8,0.8,7,531.4754717500814,0.0,70
hybrid_repair,70,100,0.8,0.8,8,546.6163106909017,0.0,48
hybrid_repair,70,100,0.8,0.8,9,510.69721236805754,0.0,68
hybrid_repair,70,100,0.8,0.8,10,876.6093820090097,0.0,70
hybrid_repair,70,100,0.9,0.5,1,650.0202545793168,0.0,64
hybrid_repair,70,100,0.9,0.5,2,535.2175813988936,0.0,69
hybrid_repair,70,100,0.9,0.5,3,531.7711309197978,0.0,68
hybrid_repair,70,100,0.9,0.5,4,443.4115775868197,0.0,70
hybrid_repair,70,100,0.9,0.5,5,601.524725018775,0.0,56
hybrid_repair,70,100,0.9,0.5,6,511.44507597223355,0.0,70
hybrid_repair,70,100,0.9,0.5,7,614.8835838621624,0.0,68
hybrid_repair,70,100,0.9,0.5,8,541.6095037004525,0.0,53
hybrid_repair,70,100,0.9,0.5,9,476.13327643925544,0.0,66
hybrid_repair,70,100,0.9,0.5,10,490.0076608776884,0.0,60
hybrid_repair,70,100,0.9,0.8,1,488.15134205189474,0.0,67
hybrid_repair,70,100,0.9,0.8,2,567.9980846196886,0.0,68
hybrid_repair,70,100,0.9,0.8,3,675.375035711505,0.0,63
hybrid_repair,70,100,0.9,0.8,4,495.29954573648104,0.0,58
hybrid_repair,70,100,0.9,0.8,5,643.6534551702715,0.0,70
hybrid_repair,70,100,0.9,0.8,6,529.4549606986652,0.0,67
hybrid_repair,70,100,0.9,0.8,7,477.70178860204055,0.0,68
hybrid_repair,70,100,0.9,0.8,8,744.4201200425905,0.0,70
hybrid_repair,70,100,0.9,0.8,9,403.4142120042617,0.0,64
hybrid_repair,70,100,0.9,0.8,10,805.7364465501104,0.0,68
hybrid_repair,70,200,0.8,0.5,1,514.547267078199,0.0,70
hybrid_repair,70,200,0.8,0.5,2,756.3412528733047,0.0,70
hybrid_repair,70,200,0.8,0.5,3,457.60289728217515,0.0,70
hybrid_repair,70,200,0.8,0.5,4,597.1031133799474,0.0,70
hybrid_repair,70,200,0.8,0.5,5,600.2949660474907,0.0,70
hybrid_repair,70,200,0.8,0.5,6,661.3079913636166,0.0,70
hybrid_repair,70,200,0.8,0.5,7,459.4806511467758,0.0,70
hybrid_repair,70,200,0.8,0.5,8,461.3846993919913,0.0,70
hybrid_repair,70,200,0.8,0.5,9,662.9013783839923,0.0,70
hybrid_repair,70,200,0.8,0.5,10,835.5056216723784,0.0,70
hybrid_repair,70,200,0.8,0.8,1,481.55161638199223,0.0,70
hybrid_repair,70,200,0.8,0.8,2,535.6472299844077,0.0,70
hybrid_repair,70,200,0.8,0.8,3,478.5010849241209,0.0,70
hybrid_repair,70,200,0.8,0.8,4,646.0008982496113,0.0,70
hybrid_repair,70,200,0.8,0.8,5,551.9990488702712,0.0,70
hybrid_repair,70,200,0.8,0.8,6,601.7422237880895,0.0,70
hybrid_repair,70,200,0.8,0.8,7,766.2222507039472,0.0,70
hybrid_repair,70,200,0.8,0.8,8,652.0916345585599,0.0,70
hybrid_repair,70,200,0.8,0.8,9,699.5047262406082,0.0,70
hybrid_repair,70,200,0.8,0.8,10,951.1743452147165,0.0,70
hybrid_repair,70,200,0.9,0.5,1,768.3881491174276,0.0,70
hybrid_repair,70,200,0.9,0.5,2,727.1347765731699,0.0,70
hybrid_repair,70,200,0.9,0.5,3,611.5489998304176,0.0,70
hybrid_repair,70,200,0.9,0.5,4,579.7977423018642,0.0,69
hybrid_repair,70,200,0.9,0.5,5,937.4203372776379,0.0,70
hybrid_repair,70,200,0.9,0.5,6,572.3931522898552,0.0,70
hybrid_repair,70,200,0.9,0.5,7,670.6924698612262,0.0,70
hybrid_repair,70,200,0.9,0.5,8,541.2293319546434,0.0,70
hybrid_repair,70,200,0.9,0.5,9,550.4802457002361,0.0,70
hybrid_repair,70,200,0.9,0.5,10,502.6088879423942,0.0,70
hybrid_repair,70,200,0.9,0.8,1,557.6357152198328,0.0,70
hybrid_repair,70,200,0.9,0.8,2,843.7598436619301,0.0,70
hybrid_repair,70,200,0.9,0.8,3,715.7250575011657,0.0,70
hybrid_repair,70,200,0.9,0.8,4,711.335751091174,0.0,70
hybrid_repair,70,200,0.9,0.8,5,864.8715167014882,0.0,70
hybrid_repair,70,200,0.9,0.8,6,799.017918671547,0.0,70
hybrid_repair,70,200,0.9,0.8,7,652.4886593888776,0.0,70
hybrid_repair,70,200,0.9,0.8,8,947.1787028165504,0.0,70
hybrid_repair,70,200,0.9,0.8,9,513.7967287220847,0.0,70
hybrid_repair,70,200,0.9,0.8,10,766.2259811193329,0.0,70
hybrid_repair,100,100,0.8,0.5,1,532.5661273198223,0.0,65
hybrid_repair,100,100,0.8,0.5,2,544.9153514245768,0.0,75
hybrid_repair,100,100,0.8,0.5,3,661.86040433614,0.0,66
hybrid_repair,100,100,0.8,0.5,4,608.8882786982217,0.0,67
hybrid_repair,100,100,0.8,0.5,5,493.7577758193719,0.0,59
hybrid_repair,100,100,0.8,0.5,6,464.50471959854707,0.0,70
hybrid_repair,100,100,0.8,0.5,7,424.31844424618055,0.0,62
hybrid_repair,100,100,0.8,0.5,8,698.5048373184065,0.0,66
hybrid_repair,100,100,0.8,0.5,9,550.5644849737424,0.0,58
hybrid_repair,100,100,0.8,0.5,10,594.875895925116,0.0,72
hybrid_repair,100,100,0.8,0.8,1,583.8721809632975,0.0,73
hybrid_repair,100,100,0.8,0.8,2,608.765125385383,0.0,74
hybrid_repair,100,100,0.8,0.8,3,726.1221152725485,0.0,65
hybrid_repair,100,100,0.8,0.8,4,668.5187187422421,0.0,56
hybrid_repair,100,100,0.8,0.8,5,654.662638998542,0.0,83
hybrid_repair,100,100,0.8,0.8,6,530.4562488193583,0.0,73
hybrid_repair,100,100,0.8,0.8,7,452.50631026619385,0.0,61
hybrid_repair,100,100,0.8,0.8,8,384.30154335401653,0.0,68
hybrid_repair,100,100,0.8,0.8,9,538.1090011889492,0.0,54
hybrid_repair,100,100,0.8,0.8,10,654.8226084898876,0.0,66
hybrid_repair,100,100,0.9,0.5,1,602.2800373984971,0.0,70
hybrid_repair,100,100,0.9,0.5,2,548.4414578484633,0.0,77
hybrid_repair,100,100,0.9,0.5,3,499.56074435841174,0.0,72
hybrid_repair,100,100,0.9,0.5,4,717.0927539379978,0.0,57
hybrid_repair,100,100,0.9,0.5,5,426.70001827021133,0.0,67
hybrid_repair,100,100,0.9,0.5,6,577.695146279201,0.0,77
hybrid_repair,100,100,0.9,0.5,7,488.8961050479936,0.0,81
hybrid_repair,100,100,0.9,0.5,8,511.02352496245317,0.0,77
hybrid_repair,100,100,0.9,0.5,9,890.6252692721845,0.0,58
hybrid_repair,100,100,0.9,0.5,10,629.6069140586837,0.0,67
hybrid_repair,100,100,0.9,0.8,1,504.31165811823695,0.0,63
hybrid_repair,100,100,0.9,0.8,2,481.0659743010924,0.0,70
hybrid_repair,100,100,0.9,0.8,3,578.8162760665591,0.0,62
hybrid_repair,100,100,0.9,0.8,4,626.5287072070298,0.0,68
hybrid_repair,100,100,0.9,0.8,5,814.2116215976748,0.0,76
hybrid_repair,100,100,0.9,0.8,6,510.57408925427586,0.0,72
hybrid_repair,100,100,0.9,0.8,7,475.4891778018938,0.0,65
hybrid_repair,100,100,0.9,0.8,8,686.9483229310893,0.0,71
hybrid_repair,100,100,0.9,0.8,9,439.80520102562724,0.0,63
hybrid_repair,100,100,0.9,0.8,10,360.4704941360285,0.0,70
hybrid_repair,100,200,0.8,0.5,1,468.5119579012141,0.0,95
hybrid_repair,100,200,0.8,0.5,2,756.6210672825794,0.0,100
hybrid_repair,100,200,0.8,0.5,3,786.9858778914136,0.0,100
hybrid_repair,100,200,0.8,0.5,4,522.6263596602798,0.0,100
hybrid_repair,100,200,0.8,0.5,5,506.89109673267444,0.0,92
hybrid_repair,100,200,0.8,0.5,6,482.7684963720545,0.0,100
hybrid_repair,100,200,0.8,0.5,7,535.6610984399464,0.0,93
hybrid_repair,100,200,0.8,0.5,8,545.7409133054218,0.0,88
hybrid_repair,100,200,0.8,0.5,9,455.7242126637325,0.0,86
hybrid_repair,100,200,0.8,0.5,10,517.8326524337305,0.0,99
hybrid_repair,100,200,0.8,0.8,1,575.2372231782847,0.0,98
hybrid_repair,100,200,0.8,0.8,2,657.5145666884775,0.0,99
hybrid_repair,100,200,0.8,0.8,3,629.2628022714173,0.0,92
hybrid_repair,100,200,0.8,0.8,4,679.4037501136015,0.0,100
hybrid_repair,100,200,0.8,0.8,5,571.0108250337112,0.0,94
hybrid_repair,100,200,0.8,0.8,6,692.9752988004153,0.0,94
hybrid_repair,100,200,0.8,0.8,7,533.3696870724908,0.0,91
hybrid_repair,100,200,0.8,0.8,8,553.263649905442,0.0,100
hybrid_repair,100,200,0.8,0.8,9,559.7440077239401,0.0,96
hybrid_repair,100,200,0.8,0.8,10,655.9528051024442,0.0,100
hybrid_repair,100,200,0.9,0.5,1,765.4939937326142,0.0,99
hybrid_repair,100,200,0.9,0.5,2,488.1231586395943,0.0,90
hybrid_repair,100,200,0.9,0.5,3,520.0786425862793,0.0,99
hybrid_repair,100,200,0.9,0.5,4,714.6158752186551,0.0,97
hybrid_repair,100,200,0.9,0.5,5,483.1575281365977,0.0,98
hybrid_repair,100,200,0.9,0.5,6,737.5733317621032,0.0,98
hybrid_repair,100,200,0.9,0.5,7,700.1737942385357,0.0,100
hybrid_repair,100,200,0.9,0.5,8,477.9747681423885,0.0,99
hybrid_repair,100,200,0.9,0.5,9,654.4434765880643,0.0,98
hybrid_repair,100,200,0.9,0.5,10,765.4029805140901,0.0,95
hybrid_repair,100,200,0.9,0.8,1,620.2681766263956,0.0,97
hybrid_repair,100,200,0.9,0.8,2,777.563496012368,0.0,100
hybrid_repair,100,200,0.9,0.8,3,544.4994079068305,0.0,100
hybrid_repair,100,200,0.9,0.8,4,913.1898550096113,0.0,99
hybrid_repair,100,200,0.9,0.8,5,716.533335367511,0.0,94
hybrid_repair,100,200,0.9,0.8,6,489.9066538504766,0.0,92
hybrid_repair,100,200,0.9,0.8,7,660.7459557070442,0.0,96
hybrid_repair,100,200,0.9,0.8,8,562.565103441402,0.0,98
hybrid_repair,100,200,0.9,0.8,9,577.278518710197,0.0,76
hybrid_repair,100,200,0.9,0.8,10,446.24440483431465,0.0,89
